title,company,location,link
Administrate," Cloud Computing, Education Technology, SaaS", Edinburgh; Beirut; Bozeman,http://stackoverflow.com/jobs/companies/Administrate
"Arista Networks, Inc"," Agile Software Development, Cloud-Based Solutions, Computer Software", Dublin 1,"http://stackoverflow.com/jobs/companies/Arista Networks, Inc"
ImFusion GmbH," Computer Vision, Image Guided Surgery, Medical Imaging", M?nchen,http://stackoverflow.com/jobs/companies/ImFusion GmbH
Tausight," Cybersecurity, Healthcare", United States,http://stackoverflow.com/jobs/companies/Tausight
"Cipher Tech Solutions, Inc", Computer Software, Elkridge; Linthicum Heights; Vienna,"http://stackoverflow.com/jobs/companies/Cipher Tech Solutions, Inc"
Amaris.AI," Artificial Intelligence, Consulting, Cybersecurity", Singapore,http://stackoverflow.com/jobs/companies/Amaris.AI
VEACT GmbH," Automotive, SaaS", M?nchen,http://stackoverflow.com/jobs/companies/VEACT GmbH
Ziegert EverEstate GmbH, Real Estate, Berlin,http://stackoverflow.com/jobs/companies/Ziegert EverEstate GmbH
eyeo GmbH," Mobile, Product Development, Web Development", K?ln; Berlin; Malm?,http://stackoverflow.com/jobs/companies/eyeo GmbH
Chaturbate," Software Development / Engineering, Video Streaming, Web Development", San Francisco; Los Angeles; Irvine,http://stackoverflow.com/jobs/companies/Chaturbate
Finsera, Financial Technology, San Francisco,http://stackoverflow.com/jobs/companies/Finsera
EDAG Group," Autonomous Driving, Energy Storage, Software Development / Engineering", Gaimersheim; Wiesbaden; Berlin,http://stackoverflow.com/jobs/companies/EDAG Group
OMICRON electronics GmbH," Electronic equipment, Electronics, Software Development / Engineering", Klaus; Salzburg; Berlin,http://stackoverflow.com/jobs/companies/OMICRON electronics GmbH
QuantCo ," Data & Analytics, Machine Learning, Software Development / Engineering", Karlsruhe; Berlin,http://stackoverflow.com/jobs/companies/QuantCo 
Shopee Singapore Private Limited," E-Commerce, Information Technology", Singapore,http://stackoverflow.com/jobs/companies/Shopee Singapore Private Limited
SpaceX," Aerospace, Internet Infrastructure", Hawthorne; Redmond; Brownsville,http://stackoverflow.com/jobs/companies/SpaceX
Karat.com," Computer Software, Recruiting, Technology Staffing", Seattle,http://stackoverflow.com/jobs/companies/Karat.com
RegioHelden GmbH," B2B, Content Marketing, Online Media", Stuttgart,http://stackoverflow.com/jobs/companies/RegioHelden GmbH
iptiQ by Swiss Re," eCommerce, Financial Technology, Insurance", Hong Kong; Sydney; Hoofddorp,http://stackoverflow.com/jobs/companies/iptiQ by Swiss Re
Lightmatter," Design, Software Consulting, Software Development / Engineering", No office location,http://stackoverflow.com/jobs/companies/Lightmatter
McDonald's Corporation, Restaurant, Chicago,http://stackoverflow.com/jobs/companies/McDonald's Corporation
Jewel Paymentech Pte Ltd," Financial Technology, Information Technology", Singapore,http://stackoverflow.com/jobs/companies/Jewel Paymentech Pte Ltd
AMBOSS ," Education Technology, Healthcare, Medical", K?ln; Berlin; New York,http://stackoverflow.com/jobs/companies/AMBOSS 
MapLarge," Business Intelligence, Data & Analytics, Developer APIs", Atlanta; London; Arlington,http://stackoverflow.com/jobs/companies/MapLarge
Creative Assembly," Computer Games, PC Games", Horsham; Bulgaria,http://stackoverflow.com/jobs/companies/Creative Assembly
Sonova AG ," Embedded, Medical Devices, Software Development / Engineering", St?fa; Warsaw; Kitchener,http://stackoverflow.com/jobs/companies/Sonova AG 
"Sailpoint Technologies, Inc."," Information Technology, IT Security, Network Security", Austin,"http://stackoverflow.com/jobs/companies/Sailpoint Technologies, Inc."
Boehringer Ingelheim ," Healthcare, Pharmaceuticals", Tokyo; Lyon; Ridgefield,http://stackoverflow.com/jobs/companies/Boehringer Ingelheim 
atma.io ," Cloud-Based Solutions, Information Technology, SaaS", Graz; Zagreb; Leinfelden-Echterdingen,http://stackoverflow.com/jobs/companies/atma.io 
ADITION technologies AG," Adserver, Programmatic Advertising, Video Streaming", M?nchen; Berlin; D?sseldorf,http://stackoverflow.com/jobs/companies/ADITION technologies AG
LORENZ Life Sciences Group," Pharmacy, Software Development / Engineering", Frankfurt am Main,http://stackoverflow.com/jobs/companies/LORENZ Life Sciences Group
LeoVegas Mobile Gaming Group," Casino, Gaming", Stockholm; V?ster?s; V?xj?,http://stackoverflow.com/jobs/companies/LeoVegas Mobile Gaming Group
AH Technology ? Albert Heijn," Data & Analytics, E-Commerce, Food & Beverage", Zaandam,http://stackoverflow.com/jobs/companies/AH Technology ? Albert Heijn
Stylight," eCommerce, Fashion", M?nchen; Philadelphia,http://stackoverflow.com/jobs/companies/Stylight
C2FO," Financial Technology, Marketplace", Leawood,http://stackoverflow.com/jobs/companies/C2FO
social sweethearts? GmbH," Online Media, Publishing", M?nchen; K?ln,http://stackoverflow.com/jobs/companies/social sweethearts? GmbH
Relayr," Industrial Automation, Internet of Things", Berlin; M?nchen; Chicago,http://stackoverflow.com/jobs/companies/Relayr
Breuninger GmbH & Co.," E-Commerce, Information Technology, Retail", D?sseldorf; Stuttgart,http://stackoverflow.com/jobs/companies/Breuninger GmbH & Co.
Volume Graphics GmbH," Agile Software Development, Simulation Software, Software Development", Heidelberg; Singapore; Chaoyang Qu,http://stackoverflow.com/jobs/companies/Volume Graphics GmbH
Personio," Cloud-Based Solutions, HR Services, Software Development", Madrid; Dublin; Amsterdam,http://stackoverflow.com/jobs/companies/Personio
Flow Traders," Financial Services, Financial Technology, Liquidity provider", Amsterdam; New York; Cluj-Napoca,http://stackoverflow.com/jobs/companies/Flow Traders
Zattoo," Broadcast, IPTV, Software Development / Engineering", Z?rich; Berlin; Ann Arbor,http://stackoverflow.com/jobs/companies/Zattoo
Catawiki, eCommerce, Assen; Amsterdam,http://stackoverflow.com/jobs/companies/Catawiki
Chan Zuckerberg Initiative," Computer Software, Education Technology, Science", Redwood City,http://stackoverflow.com/jobs/companies/Chan Zuckerberg Initiative
Motius GmbH," Electronics, Software Development / Engineering, Web Development", M?nchen; Stuttgart; Dubai,http://stackoverflow.com/jobs/companies/Motius GmbH
Higher Logic," Collaboration Tools, Enterprise Software", Arlington; Montreal,http://stackoverflow.com/jobs/companies/Higher Logic
VISPIRON CHARGE-V GmbH," Charging, Solar", M?nchen,http://stackoverflow.com/jobs/companies/VISPIRON CHARGE-V GmbH
Peek & Cloppenburg KG D?sseldorf," Fashion, Retail", D?sseldorf,http://stackoverflow.com/jobs/companies/Peek & Cloppenburg KG D?sseldorf
Night Market," Advertising Technology, Data & Analytics, Media", New York; Los Angeles; Toronto,http://stackoverflow.com/jobs/companies/Night Market
HeidelbergCement AG," Construction, Information Technology, Software Development / Engineering", Heidelberg; Brno-jih,http://stackoverflow.com/jobs/companies/HeidelbergCement AG
alfaview GmbH," Education, Education Technology, Video Streaming", Karlsruhe; Thessaloniki; Troisdorf,http://stackoverflow.com/jobs/companies/alfaview GmbH
"Edgestream Partners, L.P."," Computer Software, Financial Services, Software Development", Princeton,"http://stackoverflow.com/jobs/companies/Edgestream Partners, L.P."
team.blue NL B.V.," Information Technology, Web Hosting", Deventer; Rotterdam; Eindhoven,http://stackoverflow.com/jobs/companies/team.blue NL B.V.
BOTS by RevenYOU," Android, Financial Technology, iOS", Haarlem,http://stackoverflow.com/jobs/companies/BOTS by RevenYOU
Stardog Union," Databases, Enterprise Software, Information Technology", Arlington,http://stackoverflow.com/jobs/companies/Stardog Union
StyleSeat," Beauty, Health & Fitness, Marketplace", San Francisco,http://stackoverflow.com/jobs/companies/StyleSeat
Ensign InfoSecurity (Cybersecurity) Pte Ltd," Cybersecurity, Information Technology", Singapore,http://stackoverflow.com/jobs/companies/Ensign InfoSecurity (Cybersecurity) Pte Ltd
Topic Embedded Systems B.V.," Firmware Development, Hardware Development, Software Development / Engineering", Delft; Nijmegen; Best,http://stackoverflow.com/jobs/companies/Topic Embedded Systems B.V.
Azendian Solutions Pte. Ltd., Data & Analytics, Singapore,http://stackoverflow.com/jobs/companies/Azendian Solutions Pte. Ltd.
Greentube GmbH," Casino, Gambling", Wien; Raaba; Birkirkara,http://stackoverflow.com/jobs/companies/Greentube GmbH
tarent solutions GmbH," Information Technology, Mobile Development, Software Development", Berlin; K?ln; Freiburg im Breisgau,http://stackoverflow.com/jobs/companies/tarent solutions GmbH
Relay42," Artificial Intelligence, Digital Marketing, Machine Learning", Amsterdam,http://stackoverflow.com/jobs/companies/Relay42
Coda Payments," Financial Technology, Mobile Payments", United States; Hong Kong; China,http://stackoverflow.com/jobs/companies/Coda Payments
WeLab Bank Limited," Banking, Financial Services, Financial Technology", úÅùûÓö; Hong Kong,http://stackoverflow.com/jobs/companies/WeLab Bank Limited
Odoo," Enterprise, Enterprise Software, Software Development", Ramillies; Auderghem; San Francisco,http://stackoverflow.com/jobs/companies/Odoo
kaliber.ai," AI Research, Machine Learning", San Francisco,http://stackoverflow.com/jobs/companies/kaliber.ai
Hubs," 3D Printing, Manufacturing, SaaS", Paris; Amsterdam; Chicago,http://stackoverflow.com/jobs/companies/Hubs
Wizeline," Computer Software, Enterprise Software", Zapopan; Santiago de Quer?taro; Qu?n 10,http://stackoverflow.com/jobs/companies/Wizeline
Everli, Information Technology, Milano; Warsaw; Verona,http://stackoverflow.com/jobs/companies/Everli
H&M Hennes & Mauritz GBC AB," Agile Software Development, Design, Fashion", Stockholm; New York; Bengaluru,http://stackoverflow.com/jobs/companies/H&M Hennes & Mauritz GBC AB
FINN," Agile Software Development, Automotive, Mobility", M?nchen,http://stackoverflow.com/jobs/companies/FINN
Avature," Computer Software, CRM, SaaS", Spain; China; Argentina,http://stackoverflow.com/jobs/companies/Avature
Elinvar GmbH," Financial Technology, Investment Banking, Platforms", Berlin; Magdeburg,http://stackoverflow.com/jobs/companies/Elinvar GmbH
Western Governors University," Higher Education, Non-Profit", Salt Lake City; Phoenix; Austin,http://stackoverflow.com/jobs/companies/Western Governors University
onOffice GmbH," Cloud Computing, CRM-System for real estate industry, Software Development", Aachen,http://stackoverflow.com/jobs/companies/onOffice GmbH
Trusted Shops GmbH, eCommerce, Warszawa; Barcelona; Lille,http://stackoverflow.com/jobs/companies/Trusted Shops GmbH
parcIT GmbH," Banking, Finance, Software Development", K?ln,http://stackoverflow.com/jobs/companies/parcIT GmbH
IMS," Automotive, Insurance, Software Development", Crewe; Waterloo; Manchester,http://stackoverflow.com/jobs/companies/IMS
Esri," Geographic Information System, GIS, Software Development", Z?rich; Vienna; New Delhi,http://stackoverflow.com/jobs/companies/Esri
SBAB Bank, Banking, Solna; Stockholm; Karlstad,http://stackoverflow.com/jobs/companies/SBAB Bank
AutoTrader," Automotive, Digital Advertising, Digital Media", Toronto; Montr?al,http://stackoverflow.com/jobs/companies/AutoTrader
WBS Gruppe," Education, eLearning, Online-Coaching", Berlin,http://stackoverflow.com/jobs/companies/WBS Gruppe
solute GmbH," Agile Software Development, E-Commerce, Internet Marketing", Karlsruhe; Berlin,http://stackoverflow.com/jobs/companies/solute GmbH
MSCI," Data & Analytics, Financial Services, Financial Technology", Mumbai; Makati; Norman,http://stackoverflow.com/jobs/companies/MSCI
"Betterup, Inc."," Corporate Training, Online-Coaching, SaaS", Austin,"http://stackoverflow.com/jobs/companies/Betterup, Inc."
"Wikimedia Foundation, Inc."," Education Technology, eLearning, Non-Profit", San Francisco,"http://stackoverflow.com/jobs/companies/Wikimedia Foundation, Inc."
CARIAD ," Agile Software Development, Autonomous Driving, Computer Vision", N?rnberg; Wolfsburg; M?nsheim,http://stackoverflow.com/jobs/companies/CARIAD 
Str?er Online Marketing," B2B, Content Marketing, Online Media", Stuttgart; K?ln; Hamburg,http://stackoverflow.com/jobs/companies/Str?er Online Marketing
German Edge Cloud GmbH & Co. KG," Cloud Computing, Industrial Automation, Internet of Things", Berlin; Eschborn; Limburg an der Lahn,http://stackoverflow.com/jobs/companies/German Edge Cloud GmbH & Co. KG
MUFG," Banking, Financial Services, Financial Technology", Phoenix; Charlotte; Dallas,http://stackoverflow.com/jobs/companies/MUFG
M&F Engineering AG," Information Technology, Software Development / Engineering, Web Development", Weiningen,http://stackoverflow.com/jobs/companies/M&F Engineering AG
eBay," eCommerce, Internet Marketing", Amsterdam; San Francisco; London,http://stackoverflow.com/jobs/companies/eBay
SUSE," Cloud-Based Solutions, Computer Software, Enterprise Software", Bracknell; Hlavn? m?sto Praha; Chaoyang Qu,http://stackoverflow.com/jobs/companies/SUSE
Baker Hughes, Software Development / Engineering, Houston; Cramlington; Groby,http://stackoverflow.com/jobs/companies/Baker Hughes
hmmh multimediahaus AG," Agile Software Development, E-Commerce", M?nchen; Bremen; Hamburg,http://stackoverflow.com/jobs/companies/hmmh multimediahaus AG
Captivation Software," Agile Software Development, Consulting, Defence & Security", Baltimore; Aberdeen Proving Ground; Fort Meade,http://stackoverflow.com/jobs/companies/Captivation Software
Scalable Capital GmbH, Financial Services, M?nchen; London,http://stackoverflow.com/jobs/companies/Scalable Capital GmbH
Octopus Energy," Energy & Environment, Energy & Utilities, Green Energy", London; Melbourne; Munich,http://stackoverflow.com/jobs/companies/Octopus Energy
ZEISS Group," Machine Learning, Medical Devices, Virtual Reality", Oberkochen; Jena; Ro©¬dorf,http://stackoverflow.com/jobs/companies/ZEISS Group
Picnic," E-Commerce, Information Technology, Logistics and Supply Chain", D?sseldorf; Amsterdam,http://stackoverflow.com/jobs/companies/Picnic
Ambient ," Agile Software Development, Software Development, Web Development", K?ln,http://stackoverflow.com/jobs/companies/Ambient 
Copado Strategic Services," Cybersecurity, DevOps, Internet Infrastructure", San Francisco,http://stackoverflow.com/jobs/companies/Copado Strategic Services
Deloitte Deutschland," Accounting, Consulting, Taxes", Frankfurt am Main; D?sseldorf; Hamburg,http://stackoverflow.com/jobs/companies/Deloitte Deutschland
IMC Trading," Capital Markets, Financial Technology, High Frequency Trading", Amsterdam; Chicago; The Rocks,http://stackoverflow.com/jobs/companies/IMC Trading
Method Park ," Automotive, Consulting, Software & Systems Engineering", Erlangen; M?nchen; Hamburg,http://stackoverflow.com/jobs/companies/Method Park 
HolidayCheck Group AG," Information Technology, Tourism, Travel & Tourism", Pozna?; Bottighofen; Munich,http://stackoverflow.com/jobs/companies/HolidayCheck Group AG
Zenjob," HR tech, Information Technology", Berlin,http://stackoverflow.com/jobs/companies/Zenjob
NOVOMATIC AG," Electronics, Gambling, Gaming", Gumpoldskirchen,http://stackoverflow.com/jobs/companies/NOVOMATIC AG
objective partner AG," Agile Software Development, IT Consulting, Software Consulting", Weinheim; Berlin,http://stackoverflow.com/jobs/companies/objective partner AG
Rheinmetall ," Cybersecurity, Defence & Security, Software Development / Engineering", Bremen; D?sseldorf,http://stackoverflow.com/jobs/companies/Rheinmetall 
Mimecast," Cybersecurity, Information Technology, Software Development / Engineering", London,http://stackoverflow.com/jobs/companies/Mimecast
Accenture Romania," Industrial Automation, Information Technology, Software Development / Engineering", Cluj-Napoca; Timi?oara; T?rgu Mure?,http://stackoverflow.com/jobs/companies/Accenture Romania
Derivco.," Computer Software, Information Technology, Software Development", Umhlanga; Cape Town; Pretoria,http://stackoverflow.com/jobs/companies/Derivco.
X-Team, Software Development, No office location,http://stackoverflow.com/jobs/companies/X-Team
ByteDance, Information Technology, Singapore,http://stackoverflow.com/jobs/companies/ByteDance
ING Deutschland," Banking, Finance, Financial Technology", Frankfurt am Main; N?rnberg,http://stackoverflow.com/jobs/companies/ING Deutschland
DEVK Versicherungen, Insurance, K?ln,http://stackoverflow.com/jobs/companies/DEVK Versicherungen
Intel Corporation," Cloud Computing, Consumer Electronics, Software Development / Engineering", Nizhny Novgorod; Moscow; Mumbai,http://stackoverflow.com/jobs/companies/Intel Corporation
Marketer Technologies AS," Digital Marketing, Marketing Automation, Real Estate", Oslo,http://stackoverflow.com/jobs/companies/Marketer Technologies AS
OnCall Health," Digital Health, Healthcare, SaaS", Toronto,http://stackoverflow.com/jobs/companies/OnCall Health
Ailo," Information Technology, Product Development, Real Estate", Sydney; Melbourne,http://stackoverflow.com/jobs/companies/Ailo
Y42," Data & Analytics, Databases, Information Technology", Ho Chi Minh City; Berlin; Albania,http://stackoverflow.com/jobs/companies/Y42
BI X GmbH," Digital Health, Healthcare, Research Pharmacy", Ingelheim am Rhein,http://stackoverflow.com/jobs/companies/BI X GmbH
Quantcast," Artificial Intelligence, Big Data, Machine Learning", San Francisco; London,http://stackoverflow.com/jobs/companies/Quantcast
"Horizon Media Holdings, Inc"," Ad Tech, Data & Analytics, Marketing", New York; Toronto; Los Angeles,"http://stackoverflow.com/jobs/companies/Horizon Media Holdings, Inc"
ZIEGERT Real Estate," Platforms, Real Estate, Virtual Reality", Berlin,http://stackoverflow.com/jobs/companies/ZIEGERT Real Estate
Elektrobit Automotive Romania (EB) ," Automotive, Software Development / Engineering", Bra?ov; Timi?oara,http://stackoverflow.com/jobs/companies/Elektrobit Automotive Romania (EB) 
AE nv/sa," Architecture, Computer Software, IT Consulting", Mechelen; Leuven; Gent,http://stackoverflow.com/jobs/companies/AE nv/sa
AllTrails, Health & Fitness, San Francisco,http://stackoverflow.com/jobs/companies/AllTrails
Leaf Logistics," Data & Analytics, Financial Technology, Logistics and Supply Chain", No office location,http://stackoverflow.com/jobs/companies/Leaf Logistics
Channable," E-Commerce, Internet Marketing, Online Advertising", Utrecht,http://stackoverflow.com/jobs/companies/Channable
Udemy," Education Technology, SaaS", Mountain View; Austin; Denver,http://stackoverflow.com/jobs/companies/Udemy
QuantumBlack," Artificial Intelligence, Machine Learning, Software Development / Engineering", London,http://stackoverflow.com/jobs/companies/QuantumBlack
Thermo Fisher Scientific Careers," Biotechnology, Pharmaceuticals, Science", Hyderabad; Budapest; Austin,http://stackoverflow.com/jobs/companies/Thermo Fisher Scientific Careers
Fullscript," Computer Software, eCommerce, Health Care", Ottawa; Scottsdale,http://stackoverflow.com/jobs/companies/Fullscript
So Energy, Energy & Utilities, London,http://stackoverflow.com/jobs/companies/So Energy
Geotab," Internet of Things, Software Development / Engineering, Telematics", No office location,http://stackoverflow.com/jobs/companies/Geotab
The Home Depot," Retail, Technical Services, Web Technology", No office location,http://stackoverflow.com/jobs/companies/The Home Depot
Elisa Polystar," Artificial Intelligence, Information Technology, Telecommunications", Helsingfors; Oulu; Kuopio,http://stackoverflow.com/jobs/companies/Elisa Polystar
Percona Staffing LLC," Databases, DBaaS, Software Development / Engineering", Durham,http://stackoverflow.com/jobs/companies/Percona Staffing LLC
Andela," Agile Software Development, Software Development / Engineering, Technology Staffing", No office location,http://stackoverflow.com/jobs/companies/Andela
MBition (Mercedes Benz AG)," Agile Software Development, Automotive", Berlin,http://stackoverflow.com/jobs/companies/MBition (Mercedes Benz AG)
Evotec SE," Biotechnology, Pharmaceuticals", Toulouse; Milton; G?ttingen,http://stackoverflow.com/jobs/companies/Evotec SE
Snowplow Analytics," Customer Data Platform, Data & Analytics, Software Development / Engineering", London,http://stackoverflow.com/jobs/companies/Snowplow Analytics
Electrolux," B2C, Consumer Electronics, Internet of Things", Charlotte; S?o Paulo; Krak?w,http://stackoverflow.com/jobs/companies/Electrolux
Canonical," Cloud Computing, Information Technology, Internet of Things", Taipei City; London; Montreal,http://stackoverflow.com/jobs/companies/Canonical
ti&m AG," Cloud-Based Solutions, IT Security, Software Development / Engineering", Singapore; Z?rich; Bern,http://stackoverflow.com/jobs/companies/ti&m AG
Discovery Direct-to-Consumer (Discovery Inc.)," Broadcast, Digital Media, Digital Video Distribution", Knoxville; Sterling; New York,http://stackoverflow.com/jobs/companies/Discovery Direct-to-Consumer (Discovery Inc.)
Vodafone," Information Technology, Software Development, Software Development / Engineering", London; D?sseldorf,http://stackoverflow.com/jobs/companies/Vodafone
AVM GmbH," Communications, Software Development", Berlin,http://stackoverflow.com/jobs/companies/AVM GmbH
Flip App," Agile Software Development, Messaging, Mobile Application", Stuttgart,http://stackoverflow.com/jobs/companies/Flip App
DUG Technology," Big Data, Cloud-Based Solutions, High-Performance Computing", West Perth; Houston; London,http://stackoverflow.com/jobs/companies/DUG Technology
Lufthansa Industry Solutions, IT Consulting, Wolfsburg; Wetzlar; Stuttgart,http://stackoverflow.com/jobs/companies/Lufthansa Industry Solutions
BAE Systems Digital Intelligence," Cybersecurity, Defence & Security", Manchester; Brockworth; Leeds,http://stackoverflow.com/jobs/companies/BAE Systems Digital Intelligence
Adevinta, Information Technology, Barcelona; Paris,http://stackoverflow.com/jobs/companies/Adevinta
MOIA GmbH," Automotive, Mobility Services, ridesharing", Berlin; Hamburg,http://stackoverflow.com/jobs/companies/MOIA GmbH
Amazon Web Services (AWS)," Cloud Computing, Cloud Services, Cloud-Based Solutions", No office location,http://stackoverflow.com/jobs/companies/Amazon Web Services (AWS)
Reaktor," Consulting, Design, Software Development", Lisboa; ?ÍÛ?; Amsterdam,http://stackoverflow.com/jobs/companies/Reaktor
"DICK'S Sporting Goods, Inc. ", Retail, No office location,"http://stackoverflow.com/jobs/companies/DICK'S Sporting Goods, Inc. "
The RealReal," eCommerce, Internet Marketing, Retail", San Francisco; Los Angeles; New York,http://stackoverflow.com/jobs/companies/The RealReal
BCG Platinion," Architecture, Design, Software Development / Engineering", Berlin; K?ln,http://stackoverflow.com/jobs/companies/BCG Platinion
Luxoft , IT Consulting, Wroc©©aw; Gda?sk; Torino,http://stackoverflow.com/jobs/companies/Luxoft 
Assurance," Financial Services, Insurance", Toronto; Seattle; Fort Lauderdale,http://stackoverflow.com/jobs/companies/Assurance
Bolinda Labs GmbH," Digital Media, Product Development, Software Development / Engineering", Darmstadt; Tullamarine; Newbury,http://stackoverflow.com/jobs/companies/Bolinda Labs GmbH
G DATA CyberDefense AG," Cybersecurity, IT Security", Bochum,http://stackoverflow.com/jobs/companies/G DATA CyberDefense AG
BAUHAUS AG," E-Commerce, Retail", Mannheim,http://stackoverflow.com/jobs/companies/BAUHAUS AG
Dynatrace," Enterprise Web Solutions, Information Technology, Software Development / Engineering", Wien; Klagenfurt am W?rthersee; Gda?sk,http://stackoverflow.com/jobs/companies/Dynatrace
Pollen," Events, Music, Travel & Tourism", Los Angeles; London; Toronto,http://stackoverflow.com/jobs/companies/Pollen
Hotjar," Data & Analytics, SaaS, Web Technology", Saint Julian's,http://stackoverflow.com/jobs/companies/Hotjar
Z?hlke Engineering AG," Data Science, IT Security, Software Development / Engineering", Bern; Schlieren,http://stackoverflow.com/jobs/companies/Z?hlke Engineering AG
Mayo Clinic," Digital Health, Healthcare", Rochester,http://stackoverflow.com/jobs/companies/Mayo Clinic
"Old Mission Capital, LLC"," Financial Technology, Quantitative Market Making", New York; London; Chicago,"http://stackoverflow.com/jobs/companies/Old Mission Capital, LLC"
Supermetrics Oy," Data & Analytics, Marketing Software, SaaS", Helsinki; Vilnius,http://stackoverflow.com/jobs/companies/Supermetrics Oy
Proofpoint, Cybersecurity, Toronto; Indianapolis; Belfast,http://stackoverflow.com/jobs/companies/Proofpoint
Audible," Agile Software Development, Content Marketing, Web Technology", Newark; Cambridge; Seattle,http://stackoverflow.com/jobs/companies/Audible
Qamcom ," Hardware Development, Machine Learning, Software Development / Engineering", Budapest; Greensboro; Kista,http://stackoverflow.com/jobs/companies/Qamcom 
Enveil," Business to Business, Security Software", Fulton,http://stackoverflow.com/jobs/companies/Enveil
Self Decode," Bioinformatics, Computer Software, Digital Health", No office location,http://stackoverflow.com/jobs/companies/Self Decode
Yoco, Financial Technology, Cape Town; Amsterdam; Johannesburg,http://stackoverflow.com/jobs/companies/Yoco
CGI Suomi," IT Consulting, Software Consulting, Technology Consulting", Lappeenranta; Joensuu; Tammerfors,http://stackoverflow.com/jobs/companies/CGI Suomi
Which?," Charity, Non-Profit, Publishing", London,http://stackoverflow.com/jobs/companies/Which?
LINE Fukuoka, Information Technology, No office location,http://stackoverflow.com/jobs/companies/LINE Fukuoka
Adference GmbH," E-Commerce, Online Advertising, SaaS", L?neburg,http://stackoverflow.com/jobs/companies/Adference GmbH
Signal AI," Artificial Intelligence, Data & Analytics, Digital Media", New York; London,http://stackoverflow.com/jobs/companies/Signal AI
SpotMe," Enterprise Software, SaaS, Virtual Events", Sofia; Lausanne,http://stackoverflow.com/jobs/companies/SpotMe
ASML," Hardware Development, Semiconductors, Software Development / Engineering", Chandler; Veldhoven; East District,http://stackoverflow.com/jobs/companies/ASML
SyncSmart.io (by LyntonWeb.com)," Data Integration, Marketing Automation, SaaS", No office location,http://stackoverflow.com/jobs/companies/SyncSmart.io (by LyntonWeb.com)
Acrolinx," Enterprise Software, Language Services, Software Development / Engineering", Berlin,http://stackoverflow.com/jobs/companies/Acrolinx
Capital Group," Financial Services, Financial Technology", San Antonio; Irvine; Los Angeles,http://stackoverflow.com/jobs/companies/Capital Group
Novo Nordisk A/S, Pharmaceuticals, Denmark,http://stackoverflow.com/jobs/companies/Novo Nordisk A/S
PHOENIX CONTACT GmbH & Co. KG," Automotive, Electronics, Information Technology", Blomberg,http://stackoverflow.com/jobs/companies/PHOENIX CONTACT GmbH & Co. KG
?sterreichische Post AG, Logistics & Distribution, Wien,http://stackoverflow.com/jobs/companies/?sterreichische Post AG
LinkedIn," Advertising, Online Education, Social Networking", Beijing; New York; Sunnyvale,http://stackoverflow.com/jobs/companies/LinkedIn
BASF ," AI Research, Data & Analytics, Industrial Automation", Ludwigshafen am Rhein; Schwarzheide; Berlin,http://stackoverflow.com/jobs/companies/BASF 
Z?hlke Engineering GmbH," Agile Software Development, Enterprise Software, Software Development / Engineering", Eschborn; M?nchen; Stuttgart,http://stackoverflow.com/jobs/companies/Z?hlke Engineering GmbH
CREDIT SUISSE AG," Banking, Financial Services, Financial Technology", London; Z?rich; Navi Mumbai,http://stackoverflow.com/jobs/companies/CREDIT SUISSE AG
JPMorgan Chase & Co., Financial Services, Buenos Aires; Herzliya; Bengaluru,http://stackoverflow.com/jobs/companies/JPMorgan Chase & Co.
Vertica," Big Data, Enterprise Software, Information Technology", Cambridge; Pittsburgh,http://stackoverflow.com/jobs/companies/Vertica
Pentalog," Agile Software Development, Digital Marketing, IT Recruitment", Paris; Brooklyn; Zapopan,http://stackoverflow.com/jobs/companies/Pentalog
Tech opportunities in Singapore, Information Technology, No office location,http://stackoverflow.com/jobs/companies/Tech opportunities in Singapore
Rain Bird Corporation, Manufacturing, Tucson; San Diego,http://stackoverflow.com/jobs/companies/Rain Bird Corporation
Zuhlke Engineering Ltd," Consulting, Software Development / Engineering", Manchester; Edinburgh; London,http://stackoverflow.com/jobs/companies/Zuhlke Engineering Ltd
Apple, Consumer Electronics, Cupertino; Austin; Haifa,http://stackoverflow.com/jobs/companies/Apple
funda," eCommerce, Information Technology", Amsterdam,http://stackoverflow.com/jobs/companies/funda
Delivery Hero SE," eCommerce, Food & Beverage, Logistics & Distribution", Berlin,http://stackoverflow.com/jobs/companies/Delivery Hero SE
Zuhlke Engineering EOOD," Agile Software Development, Computer Software", Sofia,http://stackoverflow.com/jobs/companies/Zuhlke Engineering EOOD
Tucows," Domains, Internet Infrastructure, Mobile", No office location,http://stackoverflow.com/jobs/companies/Tucows
Abbott, Healthcare, California; Orlando; Bend,http://stackoverflow.com/jobs/companies/Abbott
Ford Motor Company," Automotive, Transportation", Dearborn; Palo Alto; Detroit,http://stackoverflow.com/jobs/companies/Ford Motor Company
eDreams ODIGEO," eCommerce, Information Technology, Online Travel", Madrid; Barcelona; Milano,http://stackoverflow.com/jobs/companies/eDreams ODIGEO
Choose Your Challenge - Data Careers at Boehringer Ingelheim," Bioinformatics, Data Science, Pharmaceuticals", Biberach an der Ri©¬; Wien; Ingelheim am Rhein,http://stackoverflow.com/jobs/companies/Choose Your Challenge - Data Careers at Boehringer Ingelheim
3M Health Information Systems and The Digital Science Community ," Digital Health, Enterprise Software, Software Development / Engineering", Albany; Silver Spring; Pittsburgh,http://stackoverflow.com/jobs/companies/3M Health Information Systems and The Digital Science Community 
PayPay Corporation., Financial Technology, No office location,http://stackoverflow.com/jobs/companies/PayPay Corporation.
If P&C Insurance," Finance, Financial Services, Insurance", M?lndal; Hvidovre; Espoo,http://stackoverflow.com/jobs/companies/If P&C Insurance
Fidelity Investments," Finance, Financial Services, Financial Technology", Westlake; Salt Lake City; Durham,http://stackoverflow.com/jobs/companies/Fidelity Investments
Northwestern Mutual," Financial Services, Financial Technology", Milwaukee; New York,http://stackoverflow.com/jobs/companies/Northwestern Mutual
Government Digital Service (GDS)," Government, Information Technology, Public Services", London,http://stackoverflow.com/jobs/companies/Government Digital Service (GDS)
HENNGE K.K.," B2B, Information Technology, SaaS", Shibuya City; Nagoya; Fukuoka,http://stackoverflow.com/jobs/companies/HENNGE K.K.
Rakettitiede," Consulting, Software Development", Helsinki,http://stackoverflow.com/jobs/companies/Rakettitiede
Bloomberg LP," Data & Analytics, Financial Technology, News", New York; Princeton; London,http://stackoverflow.com/jobs/companies/Bloomberg LP
Commonweath Bank," Banking, Financial Services, Financial Technology", Sydney; Eveleigh,http://stackoverflow.com/jobs/companies/Commonweath Bank
"Amobee, Inc"," Ad Tech, Advertising Technology", Tel Aviv-Yafo; London; Singapore,"http://stackoverflow.com/jobs/companies/Amobee, Inc"
Sandia National Laboratories," Cybersecurity, Energy & Environment, Science", Livermore; Albuquerque,http://stackoverflow.com/jobs/companies/Sandia National Laboratories
Caterpillar Inc.," Internet of Things, Manufacturing, Software Development / Engineering", Chicago; Peoria; Bengaluru,http://stackoverflow.com/jobs/companies/Caterpillar Inc.
Nets Group," Financial Services, Financial Technology, Payment Network", Oslo; Helsingfors; Ballerup,http://stackoverflow.com/jobs/companies/Nets Group
DraftKings," Marketplace, Software Development, Sports Technology", Boston; Las Vegas; Sofia,http://stackoverflow.com/jobs/companies/DraftKings
Docler Holding," Digital Media, Online Media, Video Streaming", Luxembourg,http://stackoverflow.com/jobs/companies/Docler Holding
